{"cameraMode":{"drawMode":0,"name":"Shaded","section":"Shading Mode"},"sceneLighting":true,"audioPlay":false,"sceneViewState":{"m_AlwaysRefresh":false,"showFog":true,"showSkybox":false,"showFlares":true,"showImageEffects":true,"showParticleSystems":true,"showVisualEffectGraphs":true,"m_FxEnabled":true},"in2DMode":false,"pivot":{"x":4.070279121398926,"y":0.45672035217285159,"z":-8.856268882751465},"rotation":{"x":0.6956783533096314,"y":-0.09376225620508194,"z":0.09236670285463333,"w":0.7061929702758789},"size":11.360240936279297,"orthographic":false}