{"cameraMode":{"drawMode":0,"name":"Shaded","section":"Shading Mode"},"sceneLighting":false,"audioPlay":false,"sceneViewState":{"m_AlwaysRefresh":false,"showFog":true,"showSkybox":false,"showFlares":true,"showImageEffects":true,"showParticleSystems":true,"showVisualEffectGraphs":true,"m_FxEnabled":true},"in2DMode":false,"pivot":{"x":-0.05524921417236328,"y":1.1275445222854615,"z":0.0060186684131622318},"rotation":{"x":0.5677544474601746,"y":-0.2528110146522522,"z":0.18877671658992768,"w":0.760330080986023},"size":1.4519236087799073,"orthographic":true}