{"cameraMode":{"drawMode":0,"name":"Shaded","section":"Shading Mode"},"sceneLighting":false,"audioPlay":false,"sceneViewState":{"m_AlwaysRefresh":false,"showFog":true,"showSkybox":false,"showFlares":true,"showImageEffects":true,"showParticleSystems":true,"showVisualEffectGraphs":true,"m_FxEnabled":true},"in2DMode":false,"pivot":{"x":-0.039761245250701907,"y":0.013588190078735352,"z":-0.010762065649032593},"rotation":{"x":0.5677544474601746,"y":-0.2528110146522522,"z":0.18877671658992768,"w":0.760330080986023},"size":0.7149784564971924,"orthographic":true}