{"cameraMode":{"drawMode":0,"name":"Shaded","section":"Shading Mode"},"sceneLighting":true,"audioPlay":false,"sceneViewState":{"m_AlwaysRefresh":false,"showFog":true,"showSkybox":true,"showFlares":true,"showImageEffects":true,"showParticleSystems":true,"showVisualEffectGraphs":true,"m_FxEnabled":true},"in2DMode":false,"pivot":{"x":0.18412137031555177,"y":2.3882923126220705,"z":0.7611346244812012},"rotation":{"x":-0.12383770197629929,"y":-0.7369624376296997,"z":0.14050130546092988,"w":-0.6494850516319275},"size":2.9971611499786379,"orthographic":true}