{"cameraMode":{"drawMode":0,"name":"Shaded","section":"Shading Mode"},"sceneLighting":false,"audioPlay":false,"sceneViewState":{"m_AlwaysRefresh":false,"showFog":true,"showSkybox":false,"showFlares":true,"showImageEffects":true,"showParticleSystems":true,"showVisualEffectGraphs":true,"m_FxEnabled":true},"in2DMode":false,"pivot":{"x":12.899999618530274,"y":0.585908830165863,"z":-18.600000381469728},"rotation":{"x":0.669673502445221,"y":0.027824893593788148,"z":-0.02512732520699501,"w":0.7417166233062744},"size":2.6270394325256349,"orthographic":true}