{"cameraMode":{"drawMode":0,"name":"Shaded","section":"Shading Mode"},"sceneLighting":false,"audioPlay":false,"sceneViewState":{"m_AlwaysRefresh":false,"showFog":true,"showSkybox":false,"showFlares":true,"showImageEffects":true,"showParticleSystems":true,"showVisualEffectGraphs":true,"m_FxEnabled":true},"in2DMode":false,"pivot":{"x":-0.027265489101409913,"y":0.2530982792377472,"z":0.029355943202972413},"rotation":{"x":0.5677544474601746,"y":-0.2528110146522522,"z":0.18877671658992768,"w":0.760330080986023},"size":1.0717140436172486,"orthographic":true}